{
  "project_info": {
    "project_number": "1024204083698",
    "project_id": "sjsapp-b0296",
    "storage_bucket": "sjsapp-b0296.appspot.com"
  },
  "client": [
    {
      "client_info": {
        "mobilesdk_app_id": "1:1024204083698:android:a595bce430701d77f81b6b",
        "android_client_info": {
          "package_name": "com.example.sjs_app"
        }
      },
      "oauth_client": [],
      "api_key": [
        {
          "current_key": "AIzaSyBSyoXv4Ro_cJl4aGLl6XYoPcnde1g-0C8"
        }
      ],
      "services": {
        "appinvite_service": {
          "other_platform_oauth_client": []
        }
      }
    }
  ],
  "configuration_version": "1"
}